Heading,URL
Bessents hot: ”Med oss – eller emot oss”,/tv/nyheter/varlden/bessents-hot-med-oss-eller-emot-oss/
Berättar om insatsen: ”Overkligt”,/tv/nyheter/sverige/berattar-om-insatsen-overkligt/
Oväder lamslår New York – flyg ställs in,/tv/nyheter/varlden/ovader-lamslar-new-york-tornado-fangas-pa-film/
Här brinner helikoptern – flera kända namn döda,/tv/nyheter/varlden/har-brinner-helikoptern-flera-kanda-namn-doda/
Här förstör F-16-planen drönaren,/tv/nyheter/varlden/har-forstor-f-16-planen-dronaren/
Här stannar bilen – i mitten av motorvägen,/tv/nyheter/varlden/har-stannar-bilen-i-mitten-av-motorvagen/
Turistfamilj hittas drivande på havet,/tv/nyheter/varlden/turistfamilj-hittas-drivande-pa-havet/
Försöker hjälpa till – välter bilen,/tv/nyheter/varlden/forsoker-hjalpa-till-valter-bilen/
Här attackeras fartyget – lastat med rysk olja,/tv/nyheter/varlden/har-attackeras-fartyget-lastat-med-rysk-olja/
Kvinnans panik – jagas av man i skräckmask,/tv/nyheter/varlden/kvinnans-panik-jagas-av-man-i-skrackmask/
Här fångas skalvet på film,/tv/nyheter/har-fangas-skalvet-pa-film/
Skräcken – därför binds mannen fast på flyget,/tv/nyheter/varlden/skracken-darfor-binds-mannen-fast-pa-flyget/
Kobran närmar sig – sen blir det panik,/tv/nyheter/varlden/har-vacks-pappan-och-sonen-av-det-dodliga-djuret-/
Folkliga nöjet pekas ut – gäss missbildas,/tv/nyheter/varlden/gass-drabbade-av-anglavingar-vitt-brod-kan-vara-boven/
Två döda på populära resmålet,/tv/nyheter/varlden/tva-doda-i-populara-resmalet-/
Dödsvapnet träffat,/tv/nyheter/varlden/dodsvapnet-traffat/
Oväntade hotellgästens fräcka kupp,/tv/nyheter/varlden/fracka-kuppen-bjorn-stal-mochms-fran-hotell/
Gömda fyndet i havet: ”Mest otroliga upptäckten i mitt liv”,/tv/nyheter/varlden/gomda-fyndet-i-havet-mest-otroliga-upptackten-i-mitt-liv/
Kraftiga översvämningar i Indiana – minst sex döda,/tv/nyheter/varlden/kraftiga-oversvamningar-i-indiana-minst-sex-doda/
Flera attacker i Ryssland – lagerlokal i lågor,/tv/nyheter/varlden/flera-attacker-i-ryssland-lagerlokal-i-lagor/
De gjorde medborgarskapsprovet,/tv/nyheter/sverige/de-gjorde-medborgarskapsprovet/
ICE nya vapen: Elchockshandskar,/tv/nyheter/varlden/ice-nya-vapen-elchockshandskar/
Svaret om skräckräcket: ”Inte säkerhetsrisk”,/tv/nyheter/svaret-om-skrackracket-inte-sakerhetsrisk/
Fotbollsspelarens skräck – hittade en orm i hjälmen,/tv/nyheter/varlden/fotbollsspelarens-skrack-hittade-en-orm-i-hjalmen/
Putins möte med barnen – bilderna ifrågasätts,/tv/nyheter/varlden/putins-mote-med-barnen-bilderna-ifragasatts/
Svensk gripen – fyndet i väskan,/tv/nyheter/varlden/svensk-gripen-fyndet-i-vaskan/
Galna båtdramat: Rammar turisterna,/tv/nyheter/varlden/galna-batdramat-rammar-turisterna/
Brutala upptäckten inne i flygplanet,/tv/nyheter/varlden/brutala-upptackten-inne-i-flygplanet/
Mardrömmen på flygresan: ”Mayday”,/tv/nyheter/varlden/mardrommen-pa-flygresan-mayday/
Meteor fångas på poliskameran,/tv/nyheter/varlden/meteor-fangas-pa-poliskameran/
Galna teorin när Trump slumrar till,/tv/nyheter/varlden/galna-teorin-nar-trump-slumrar-till/
Turister trotsar förbuden utanför ikoniska monumentet,/tv/nyheter/varlden/turister-trotsar-forbuden-utanfor-ikoniska-monumentet/
Hegseth: ”Slå ut terrorister”,/tv/nyheter/varlden/hegseth-sla-ut-terrorister/
Säkerheten trappas upp på Mallorca,/tv/nyheter/varlden/sakerheten-trappas-upp-pa-mallorca/
Lastbilen kraschar mitt på motorvägen,/tv/nyheter/lastbilen-kraschar-mitt-pa-motorvagen/
Udda attacken – av okänd man i golfbil,/tv/nyheter/varlden/udda-attacken-av-okand-man-i-golfbil/
Förarens plötsliga ilska – siktar med pistol,/tv/nyheter/varlden/forarens-plotsliga-ilska-siktar-med-pistol/
Bil kör in i planet – precis när det ska lyfta,/tv/nyheter/har-kor-bilen-in-i-privatjeten-precis-innan-planet-ska-lyfta/
Jättevågen kommer – familjen chanslös,/tv/nyheter/jattevagen-kommer-familjen-chanslos/
Oväntade upptäckten i skogen: Sovande soldat,/tv/nyheter/ovantade-upptackten-i-skogen-sovande-ryska-soldater-/
Stoppas för fortkörning – skyller på Teslan,/tv/nyheter/stoppas-for-fortkorning-skyller-pa-bilen-jag-korde-inte/
Ryska staden i lågor,/tv/nyheter/varlden/nattliga-attacker-mot-ryska-staden-belgorod/
Udda ”parkeringen” – uppe bland träden,/tv/nyheter/varlden/kor-av-vagen-upp-i-ett-trad/
Här brinner Putins olja,/tv/nyheter/varlden/har-brinner-putins-olja/
Stora tillslaget – här stoppas knarkbåten,/tv/nyheter/varlden/stora-tillslaget-har-stoppas-knarkbaten/
JUST NU: Trump-minister avgår,/nyheter/varlden/kaoset-pa-pentagon-fortsatter-ny-minister-lamnar/
JUST NU: Eldmoln över Ryssland,https://www.expressen.se/tv/nyheter/varlden/ukrainas-mal-i-natt-rysk-olja-och-e-handel
Gripne 18-åringen var ”blyg och tyst” – intresset för våld,/nyheter/sverige/gripne-18-aringen-var-blyg-och-tyst/
JUST NU: 18-åringen anhållen,https://www.expressen.se/nyheter/sverige/direktrapport-skolattacken-i-fagersta/?post=9f1afc30-0f9e-4b8d-91e1-c239f5344088
Skolattacken minut för minut,/nyheter/sverige/minut-for-minut-sa-gick-skolattacken-till/
De mötte maskerade mördaren: Vi sprang,/nyheter/sverige/paniken-inne-pa-brinellskolan-motte-maskerade-svardbevapnade-mannen/
Tiktok-konto delade svärdbild före dådet,/nyheter/sverige/tiktok-konto-delade-svardbild-fore-dadet/
"Nellie, 16: ”Kille hade blod över hela sig”",/nyheter/sverige/nellie-16-sag-insatsen-i-fagersta-kille-hade-blod-over-hela-sig/
DETTA VET VI om skoldådet i Fagersta,/nyheter/sverige/skoldadet-i-fagersta-detta-vet-vi/
Malena Ivarsson: En manstyp får ligga mest,/nyheter/sverige/malena-ivarsson-man-ska-lamna-en-bra-alskare-efter-sig/
Nya rekordroboten – snabbare än Bolt,/tv/nyheter/varlden/nya-kinesiska-superroboten-springer-snabbare-an-bolt-/
Putin överger lyxpalats – efter ukrainskt drönarhot,/nyheter/varlden/putin-overger-lyxpalats-efter-ukrainskt-dronarhot/
Få gratis Premium – avslutas automatiskt,/nyheter/kronikorer/klas-granstrom/snart-avgors-valet-expressen--oppnar-premium-fram-till-valdagen/
Melanias syrliga svar efter frånvaron,/tv/nyheter/varlden/melanias-syrliga-svar-efter-langa-franvaron/
Familjens mardröm – efter glädjebeskedet,/nyheter/varlden/fick-gladjebesked-om-saknade-lily-sedan-andrade-sig-polisen/
Förskola totalt förstörd i brand,/nyheter/sverige/storbrand-pa-forskola-i-landskrona/
SD-anlitad vd greps – med fem kokainpåsar,/nyheter/sverige/sd-anlitad-vd-greps-med-kokain-jag-var-utsand-som-en-lopare/
Timmar av skräck efter annonsen på Facebook,/nyheter/sverige/bodenmordaren-dok-upp-efter-annonsen-pa-facebook/
Kaoset vid turistorten – alla vill åt bakverket,https://www.expressen.se/tv/nyheter/varlden/kaoset-vid-turistorten-alla-vill-at-bakverket
Har du svårt att välja? Gör vår valkompass,https://www.expressen.se/nyheter/politik/valkompass/
Mohamsson: LO skyddar pedofiler,/nyheter/politik/mohamsson-latta-pa-las-for-att-stoppa-pedofilerna/
Nya kinesiska superroboten – springer snabbare än Bolt,/tv/nyheter/varlden/nya-kinesiska-superroboten-springer-snabbare-an-bolt-/
Ukrainas mål i natt – rysk olja och e-handel,/tv/nyheter/varlden/ukrainas-mal-i-natt-rysk-olja-och-e-handel/
Kaoset vid turistorten – alla vill åt bakverket,/tv/nyheter/varlden/kaoset-vid-turistorten-alla-vill-at-bakverket/
Konstigaste sexfrågan till Malena Ivarsson,/tv/nyheter/sverige/konstigaste-sexfragan-till-malena-ivarsson/
Berättar om insatsen: ”Overkligt”,/tv/nyheter/sverige/berattar-om-insatsen-overkligt/
"Tulin, 15, var på skolan som attackerades",/tv/nyheter/sverige/tulin-15-var-pa-skolan-som-attackerades/
Insatsstyrkan går in misstänktes bostad,/tv/nyheter/sverige/insatsstyrkan-gar-in-misstanktes-bostad/
Melanias syrliga svar efter långa frånvaron,/tv/nyheter/varlden/melanias-syrliga-svar-efter-langa-franvaron/
Attack på skola i Fagersta,/tv/nyheter/sverige/attack-pa-skola-i-fagersta-/
Plötsliga kraschen – rakt in i helikoptern,/tv/nyheter/varlden/plotsliga-kraschen-rakt-in-i-helikoptern/
Oväder lamslår New York – flyg ställs in,/tv/nyheter/varlden/ovader-lamslar-new-york-tornado-fangas-pa-film/
"""Fanns anledning att ta åt sidan""",/tv/nyheter/sverige/fanns-anledning-att-ta-at-sidan/
Oscar-nominerad filmare hittas i havet,/tv/nyheter/varlden/oscar-nominerad-filmare-hittas-i-havet/
”En person som kom fram”,/tv/nyheter/sverige/en-person-som-kom-fram/
Ukraina slår mot Putins olja i Ryssland,/tv/nyheter/varlden/ukraina-slar-mot-putins-olja-i-ryssland/
Bessents hot: ”Med oss – eller emot oss”,/tv/nyheter/varlden/bessents-hot-med-oss-eller-emot-oss/
Tornadon sliter loss taket i Delaware,/tv/nyheter/varlden/tornadon-sliter-loss-taket/
Här sveps höbalarna med i regnkaoset,/tv/nyheter/sverige/har-sveps-hobalarna-med-i-regnkaoset/
Här träffas lyxbilar i attack mot bröllop,/tv/nyheter/varlden/har-traffas-lyxbilar-i-attack-mot-brollop/
Kirurgen om handtransplantationen: ”Största ögonblicket”,/tv/nyheter/sverige/kirurgen-om-handtransplantationen-storsta-ogonblicket/
Svenskarna mitt i kräk-kaoset – åkte ambulans,/nyheter/sverige/pernilla-missade-hela-semestern-pa-rhodos-blev-magsjuk/
Luffar-Lasse försvann – vad minns du från veckan?,/nyheter/sverige/luffar-lasse-forsvann-vad-minns-du-fran-veckan/
Vad kan du om helgens födelsedagsbarn?,/nyheter/sverige/vad-kan-du-om-helgens-fodelsedagsbarn-/
"Selma Lagerlöf prydde
en sedel – men vilken?",/nyheter/sverige/selma-lagerlof-prydde-en-sedel-men-vilken/
Ligger Leksand eller Rättvik mest norrut?,/nyheter/sverige/ligger-leksand-eller--rattvik-mest-norrut-/
"Vilken sjukdom är det som
Mette-Marit lider av?",/nyheter/sverige/vilken-sjukdom-ar-det-som-mette-marit-lider-av/
"Vilken hamburgare har
tomat på McDonald's?",/nyheter/sverige/vilken-hamburgare-har-tomat-pa-mcdonalds/
Känner du igen fåglar? Testa här!,/nyheter/sverige/kanner-du-igen-faglar-testa-har/
"Kan du Sveriges
landskapsblommor?",/nyheter/sverige/kan-du-sveriges-landskapsblommor/
"QUIZ: Varifrån kommer
påhittet om påskharen?",/nyheter/sverige/quiz-varifran-kommer-pahittet-om-paskharen/
Vem gjorde det avgörande målet?,/nyheter/sverige/vem-gjorde-det-avgorande-malet-/
Två nya misstänkta – efter dödsmisshandeln,/nyheter/varlden/ytterligare-misstankta-efter-dodsmisshandeln-pa-christian-zedig/
Utbrottet påminner oss om hur viktigt vaccin är,/nyheter/kronikorer/amina-manzoor/utbrottet-paminner-oss-om-hur-viktigt-vaccin-ar/
Mässling på färja – efter festivalen,https://www.expressen.se/nyheter/expressen-direkt/?post=c8b55974-ee62-4665-be90-cdb4989f5f4d
Sjuka efter Urkult – får inte testa sig,/nyheter/sverige/sjuka-urkultsbesokare-far-inte-testas/
Det är inte protein som är problemet,/nyheter/kronikorer/amina-manzoor/det-ar-inte-protein-som-ar-problemet/
Ilskan mot Gina Tricot – anklagas för plagiat,/nyheter/ilskan-mot-gina-tricot-anklagas-for-plagiat-igen/
Busch: ”Hör hemma i det blågula laget”,/nyheter/sverige/kd-vill-se-inkomstbaserat-hogkostnadsskydd-for-lakemedel/
Strömmers ord: Ville ställa frågor,/nyheter/politik/gunnar-strommers-ord-om-gripandet-pa-valmotet-i-goteborg/
”Fanns anledning att ta åt sidan”,/tv/nyheter/sverige/fanns-anledning-att-ta-at-sidan/
Kristersson: ”En varningsklocka”,/nyheter/politik/tva-man-gripna-i-samband-med-strommer-mote-i-goteborg/
Misstänkte mördaren i Brattås: Jag fick panik,/nyheter/sverige/misstankte-brattasmordaren-jag-fick-panik/
33-åring vägrar att bli utlämnad,/nyheter/sverige/tysk-vagrar-att-utlamnas-till-sverige--misstanks-for-mord-i-kalmar/
Kräver svar om Birgitta Eds lön,/nyheter/sverige/lansstyrelsen-utreder-falloknastiftelsen/
Tidigare friad kvinna har erkänt mord,/nyheter/sverige/tidigare-friad-kvinna-har-erkant-mord/
Dolda faran på flyget – kan leda till cancer,/nyheter/halsofaran-pa-flyget-de-loper-storst-risk-for-stralning/
Flicka dog – tonåring häktad,/nyheter/sverige/tonaring-haktad-misstankt-for-mordbrand-i-svenljunga/
Polisen söker man efter Arbogabrand,/nyheter/sverige/polisen-soker-man-efter-arbogabranden-filmade-/
Hangarfartyget vänder hemåt,/nyheter/varlden/kritiserade-hangarfartyget-vander-hem-mot-usa/
Varningen efter hennes vägran,/nyheter/varlden/varningen-om-natalie-harp-dodligt-allvarligt/
”Kommer att kollapsa”,/tv/nyheter/varlden/bessents-hot-med-oss-eller-emot-oss/
Magsjukekaos plågar ön: ”Kräktes i timmar”,/nyheter/sverige/magsjukekaos-pa-rhodos--jag-kraktes-i-sex-timmar/
Ulf Kristersson: ”En allvarlig händelse”,/nyheter/sverige/politikernas-reaktioner-efter-svardattacken-i-fagersta/
Vill bli minister: ”Inte på allvar”,/nyheter/sverige/kristersson-om-jomshof-som-demokratiminister-/
L-förslaget för att stoppa pedofiler,https://www.expressen.se/nyheter/politik/allt-om-valet-2026-folj-direktrapporten/?post=41848bb6-92c7-43a1-a1fb-fa6b1df918cd
Ryker ihop i SVT: ”Det är ren lögn”,/nyheter/sverige/kds-svar-efter-dadgostars-anklagelse-logn/
Kontakta redaktionen direkt,/nyheter/har-du-ett-nyhetstips-eller-bilder/
Svårt att hänga med?,/nyheter/fraga-getingen-/
Direktrapport: Allt om valet,/nyheter/politik/allt-om-valet-2026-folj-direktrapporten/
